"country","capital","type"
"Abkhazia","Sukhumi","countryCapital"
"Afghanistan","Kabul","countryCapital"
"Akrotiri and Dhekelia","Episkopi Cantonment","countryCapital"
"Albania","Tirana","countryCapital"
"Algeria","Algiers","countryCapital"
"American Samoa","Pago Pago","countryCapital"
"Andorra","Andorra la Vella","countryCapital"
"Angola","Luanda","countryCapital"
"Anguilla","The Valley","countryCapital"
"Antigua and Barbuda","St. John's","countryCapital"
"Argentina","Buenos Aires","countryCapital"
"Armenia","Yerevan","countryCapital"
"Aruba","Oranjestad","countryCapital"
"Ascension Island","Georgetown","countryCapital"
"Australia","Canberra","countryCapital"
"Austria","Vienna","countryCapital"
"Azerbaijan","Baku","countryCapital"
"Bahamas","Nassau","countryCapital"
"Bahrain","Manama","countryCapital"
"Bangladesh","Dhaka","countryCapital"
"Barbados","Bridgetown","countryCapital"
"Belarus","Minsk","countryCapital"
"Belgium","Brussels","countryCapital"
"Belize","Belmopan","countryCapital"
"Benin","Porto-Novo","countryCapital"
"Bermuda","Hamilton","countryCapital"
"Bhutan","Thimphu","countryCapital"
"Bolivia","Sucre","countryCapital"
"Bolivia","La Paz","countryCapital"
"Bosnia and Herzegovina","Sarajevo","countryCapital"
"Botswana","Gaborone","countryCapital"
"Brazil","Brasília","countryCapital"
"British Virgin Islands","Road Town","countryCapital"
"Brunei","Bandar Seri Begawan","countryCapital"
"Bulgaria","Sofia","countryCapital"
"Burkina Faso","Ouagadougou","countryCapital"
"Burundi","Bujumbura","countryCapital"
"Cambodia","Phnom Penh","countryCapital"
"Cameroon","Yaoundé","countryCapital"
"Canada","Ottawa","countryCapital"
"Cape Verde","Praia","countryCapital"
"Cayman Islands","George Town","countryCapital"
"Central African Republic","Bangui","countryCapital"
"Chad","N'Djamena","countryCapital"
"Chile","Santiago","countryCapital"
"China","Beijing","countryCapital"
"Christmas Island","Flying Fish Cove","countryCapital"
"Cocos (Keeling) Islands","West Island","countryCapital"
"Colombia","Bogotá","countryCapital"
"Comoros","Moroni","countryCapital"
"Cook Islands","Avarua","countryCapital"
"Costa Rica","San José","countryCapital"
"Croatia","Zagreb","countryCapital"
"Cuba","Havana","countryCapital"
"Curaçao","Willemstad","countryCapital"
"Cyprus","Nicosia","countryCapital"
"Czech Republic","Prague","countryCapital"
"Côte d'Ivoire","Yamoussoukro","countryCapital"
"Democratic Republic of the Congo","Kinshasa","countryCapital"
"Denmark","Copenhagen","countryCapital"
"Djibouti","Djibouti","countryCapital"
"Dominica","Roseau","countryCapital"
"Dominican Republic","Santo Domingo","countryCapital"
"East Timor (Timor-Leste)","Dili","countryCapital"
"Easter Island","Hanga Roa","countryCapital"
"Ecuador","Quito","countryCapital"
"Egypt","Cairo","countryCapital"
"El Salvador","San Salvador","countryCapital"
"Equatorial Guinea","Malabo","countryCapital"
"Eritrea","Asmara","countryCapital"
"Estonia","Tallinn","countryCapital"
"Ethiopia","Addis Ababa","countryCapital"
"Falkland Islands","Stanley","countryCapital"
"Faroe Islands","Tórshavn","countryCapital"
"Federated States of Micronesia","Palikir","countryCapital"
"Fiji","Suva","countryCapital"
"Finland","Helsinki","countryCapital"
"France","Paris","countryCapital"
"French Guiana","Cayenne","countryCapital"
"French Polynesia","Papeete","countryCapital"
"Gabon","Libreville","countryCapital"
"Gambia","Banjul","countryCapital"
"Georgia","Tbilisi","countryCapital"
"Germany","Berlin","countryCapital"
"Ghana","Accra","countryCapital"
"Gibraltar","Gibraltar","countryCapital"
"Greece","Athens","countryCapital"
"Greenland","Nuuk","countryCapital"
"Grenada","St. George's","countryCapital"
"Guam","Hagåtña","countryCapital"
"Guatemala","Guatemala City","countryCapital"
"Guernsey","St. Peter Port","countryCapital"
"Guinea","Conakry","countryCapital"
"Guinea-Bissau","Bissau","countryCapital"
"Guyana","Georgetown","countryCapital"
"Haiti","Port-au-Prince","countryCapital"
"Honduras","Tegucigalpa","countryCapital"
"Hungary","Budapest","countryCapital"
"Iceland","Reykjavík","countryCapital"
"India","New Delhi","countryCapital"
"Indonesia","Jakarta","countryCapital"
"Iran","Tehran","countryCapital"
"Iraq","Baghdad","countryCapital"
"Ireland","Dublin","countryCapital"
"Isle of Man","Douglas","countryCapital"
"Israel","Jerusalem","countryCapital"
"Italy","Rome","countryCapital"
"Jamaica","Kingston","countryCapital"
"Japan","Tokyo","countryCapital"
"Jersey","St. Helier","countryCapital"
"Jordan","Amman","countryCapital"
"Kazakhstan","Astana","countryCapital"
"Kenya","Nairobi","countryCapital"
"Kiribati","Tarawa","countryCapital"
"Kosovo","Pristina","countryCapital"
"Kuwait","Kuwait City","countryCapital"
"Kyrgyzstan","Bishkek","countryCapital"
"Laos","Vientiane","countryCapital"
"Latvia","Riga","countryCapital"
"Lebanon","Beirut","countryCapital"
"Lesotho","Maseru","countryCapital"
"Liberia","Monrovia","countryCapital"
"Libya","Tripoli","countryCapital"
"Liechtenstein","Vaduz","countryCapital"
"Lithuania","Vilnius","countryCapital"
"Luxembourg","Luxembourg","countryCapital"
"Macedonia","Skopje","countryCapital"
"Madagascar","Antananarivo","countryCapital"
"Malawi","Lilongwe","countryCapital"
"Malaysia","Kuala Lumpur","countryCapital"
"Maldives","Malé","countryCapital"
"Mali","Bamako","countryCapital"
"Malta","Valletta","countryCapital"
"Marshall Islands","Majuro","countryCapital"
"Mauritania","Nouakchott","countryCapital"
"Mauritius","Port Louis","countryCapital"
"Mexico","Mexico City","countryCapital"
"Moldova","Chisinau","countryCapital"
"Monaco","Monaco","countryCapital"
"Mongolia","Ulaanbaatar","countryCapital"
"Montenegro","Podgorica","countryCapital"
"Montserrat","Plymouth","countryCapital"
"Morocco","Rabat","countryCapital"
"Mozambique","Maputo","countryCapital"
"Myanmar","Naypyidaw","countryCapital"
"Nagorno-Karabakh Republic","Stepanakert","countryCapital"
"Namibia","Windhoek","countryCapital"
"Nauru","Yaren","countryCapital"
"Nepal","Kathmandu","countryCapital"
"Netherlands","Amsterdam","countryCapital"
"New Caledonia","Nouméa","countryCapital"
"New Zealand","Wellington","countryCapital"
"Nicaragua","Managua","countryCapital"
"Niger","Niamey","countryCapital"
"Nigeria","Abuja","countryCapital"
"Niue","Alofi","countryCapital"
"Norfolk Island","Kingston","countryCapital"
"North Korea","Pyongyang","countryCapital"
"Northern Cyprus","Nicosia","countryCapital"
"United Kingdom Northern Ireland","Belfast","countryCapital"
"Northern Mariana Islands","Saipan","countryCapital"
"Norway","Oslo","countryCapital"
"Oman","Muscat","countryCapital"
"Pakistan","Islamabad","countryCapital"
"Palau","Ngerulmud","countryCapital"
"Palestine","Jerusalem","countryCapital"
"Panama","Panama City","countryCapital"
"Papua New Guinea","Port Moresby","countryCapital"
"Paraguay","Asunción","countryCapital"
"Peru","Lima","countryCapital"
"Philippines","Manila","countryCapital"
"Pitcairn Islands","Adamstown","countryCapital"
"Poland","Warsaw","countryCapital"
"Portugal","Lisbon","countryCapital"
"Puerto Rico","San Juan","countryCapital"
"Qatar","Doha","countryCapital"
"Republic of China (Taiwan)","Taipei","countryCapital"
"Republic of the Congo","Brazzaville","countryCapital"
"Romania","Bucharest","countryCapital"
"Russia","Moscow","countryCapital"
"Rwanda","Kigali","countryCapital"
"Saint Barthélemy","Gustavia","countryCapital"
"Saint Helena","Jamestown","countryCapital"
"Saint Kitts and Nevis","Basseterre","countryCapital"
"Saint Lucia","Castries","countryCapital"
"Saint Martin","Marigot","countryCapital"
"Saint Pierre and Miquelon","St. Pierre","countryCapital"
"Saint Vincent and the Grenadines","Kingstown","countryCapital"
"Samoa","Apia","countryCapital"
"San Marino","San Marino","countryCapital"
"Saudi Arabia","Riyadh","countryCapital"
"Scotland","Edinburgh","countryCapital"
"Senegal","Dakar","countryCapital"
"Serbia","Belgrade","countryCapital"
"Seychelles","Victoria","countryCapital"
"Sierra Leone","Freetown","countryCapital"
"Singapore","Singapore","countryCapital"
"Sint Maarten","Philipsburg","countryCapital"
"Slovakia","Bratislava","countryCapital"
"Slovenia","Ljubljana","countryCapital"
"Solomon Islands","Honiara","countryCapital"
"Somalia","Mogadishu","countryCapital"
"Somaliland","Hargeisa","countryCapital"
"South Africa","Pretoria","countryCapital"
"South Georgia and the South Sandwich Islands","Grytviken","countryCapital"
"South Korea","Seoul","countryCapital"
"South Ossetia","Tskhinvali","countryCapital"
"South Sudan South Sudan","Juba","countryCapital"
"Spain","Madrid","countryCapital"
"Sri Lanka","Sri Jayawardenapura Kotte","countryCapital"
"Sudan","Khartoum","countryCapital"
"Suriname","Paramaribo","countryCapital"
"Swaziland","Mbabane","countryCapital"
"Sweden","Stockholm","countryCapital"
"Switzerland","Bern","countryCapital"
"Syria","Damascus","countryCapital"
"São Tomé and Príncipe","São Tomé","countryCapital"
"Tajikistan","Dushanbe","countryCapital"
"Tanzania","Dodoma","countryCapital"
"Thailand","Bangkok","countryCapital"
"Togo","Lomé","countryCapital"
"Tonga","Nukuʻalofa","countryCapital"
"Transnistria","Tiraspol","countryCapital"
"Trinidad and Tobago","Port of Spain","countryCapital"
"Tristan da Cunha","Edinburgh of the Seven Seas","countryCapital"
"Tunisia","Tunis","countryCapital"
"Turkey","Ankara","countryCapital"
"Turkmenistan","Ashgabat","countryCapital"
"Turks and Caicos Islands","Cockburn Town","countryCapital"
"Tuvalu","Funafuti","countryCapital"
"Uganda","Kampala","countryCapital"
"Ukraine","Kiev","countryCapital"
"United Arab Emirates","Abu Dhabi","countryCapital"
"United Kingdom; England","London","countryCapital"
"United States","Washington, D.C.","countryCapital"
"United States Virgin Islands","Charlotte Amalie","countryCapital"
"Uruguay","Montevideo","countryCapital"
"Uzbekistan","Tashkent","countryCapital"
"Vanuatu","Port Vila","countryCapital"
"Vatican City","Vatican City","countryCapital"
"Venezuela","Caracas","countryCapital"
"Vietnam","Hanoi","countryCapital"
"Wales","Cardiff","countryCapital"
"Wallis and Futuna","Mata-Utu","countryCapital"
"Western Sahara","El Aaiún","countryCapital"
"Yemen","Sanaá","countryCapital"
"Zambia","Lusaka","countryCapital"
"Zimbabwe","Harare","countryCapital"
